KPI,Building_1,Building_2,Building_3,District
all_time_peak_average,,,,0.832
annual_normalized_unserved_energy_total,0.015,0.009,0.013,0.013
carbon_emissions_total,0.381,0.352,0.489,0.408
cost_total,0.361,0.328,0.459,0.383
daily_one_minus_load_factor_average,,,,1.314
daily_peak_average,,,,0.686
discomfort_cold_delta_average,0.0,0.004,0.001,0.002
discomfort_cold_delta_maximum,0.124,0.581,0.232,0.312
discomfort_cold_delta_minimum,0.0,0.0,0.0,0.0
discomfort_cold_proportion,0.0,0.0,0.0,0.0
discomfort_hot_delta_average,9.516,7.19,8.204,8.304
discomfort_hot_delta_maximum,16.793,14.773,13.681,15.082
discomfort_hot_delta_minimum,0.0,0.0,0.0,0.0
discomfort_hot_proportion,0.98,0.976,0.978,0.978
discomfort_proportion,0.98,0.976,0.978,0.978
electricity_consumption_total,0.385,0.359,0.496,0.414
monthly_one_minus_load_factor_average,,,,1.13
one_minus_thermal_resilience_proportion,1.0,1.0,1.0,1.0
power_outage_normalized_unserved_energy_total,0.57,0.396,0.536,0.501
ramping_average,,,,0.893
zero_net_energy,0.264,0.332,0.437,0.345
