kpi_results,kpi_table,time-step,timestamp
{'Building_1': {'all_time_peak_average': nan, 'annual_normalized_unserved_energy_total': 0.019, 'carbon_emissions_total': 1.0, 'cost_total': 1.0, 'daily_one_minus_load_factor_average': nan, 'daily_peak_average': nan, 'discomfort_cold_delta_average': 1.657, 'discomfort_cold_delta_maximum': 4.878, 'discomfort_cold_delta_minimum': 0.0, 'discomfort_cold_proportion': 0.369, 'discomfort_hot_delta_average': 0.053, 'discomfort_hot_delta_maximum': 5.006, 'discomfort_hot_delta_minimum': 0.0, 'discomfort_hot_proportion': 0.008, 'discomfort_proportion': 0.377, 'electricity_consumption_total': 1.0, 'monthly_one_minus_load_factor_average': nan, 'one_minus_thermal_resilience_proportion': 0.333, 'power_outage_normalized_unserved_energy_total': 0.723, 'ramping_average': nan, 'zero_net_energy': 1.0}, 'Building_2': {'all_time_peak_average': nan, 'annual_normalized_unserved_energy_total': 0.018, 'carbon_emissions_total': 1.0, 'cost_total': 1.0, 'daily_one_minus_load_factor_average': nan, 'daily_peak_average': nan, 'discomfort_cold_delta_average': 0.045, 'discomfort_cold_delta_maximum': 1.793, 'discomfort_cold_delta_minimum': 0.0, 'discomfort_cold_proportion': 0.0, 'discomfort_hot_delta_average': 0.577, 'discomfort_hot_delta_maximum': 6.441, 'discomfort_hot_delta_minimum': 0.0, 'discomfort_hot_proportion': 0.041, 'discomfort_proportion': 0.041, 'electricity_consumption_total': 1.0, 'monthly_one_minus_load_factor_average': nan, 'one_minus_thermal_resilience_proportion': 0.643, 'power_outage_normalized_unserved_energy_total': 0.692, 'ramping_average': nan, 'zero_net_energy': 1.0}, 'Building_3': {'all_time_peak_average': nan, 'annual_normalized_unserved_energy_total': 0.018, 'carbon_emissions_total': 1.0, 'cost_total': 1.0, 'daily_one_minus_load_factor_average': nan, 'daily_peak_average': nan, 'discomfort_cold_delta_average': 0.675, 'discomfort_cold_delta_maximum': 3.642, 'discomfort_cold_delta_minimum': 0.0, 'discomfort_cold_proportion': 0.095, 'discomfort_hot_delta_average': 0.081, 'discomfort_hot_delta_maximum': 3.734, 'discomfort_hot_delta_minimum': 0.0, 'discomfort_hot_proportion': 0.003, 'discomfort_proportion': 0.098, 'electricity_consumption_total': 1.0, 'monthly_one_minus_load_factor_average': nan, 'one_minus_thermal_resilience_proportion': 0.133, 'power_outage_normalized_unserved_energy_total': 0.637, 'ramping_average': nan, 'zero_net_energy': 1.0}, 'District': {'all_time_peak_average': 1.0, 'annual_normalized_unserved_energy_total': 0.018, 'carbon_emissions_total': 1.0, 'cost_total': 1.0, 'daily_one_minus_load_factor_average': 1.0, 'daily_peak_average': 1.0, 'discomfort_cold_delta_average': 0.793, 'discomfort_cold_delta_maximum': 3.438, 'discomfort_cold_delta_minimum': 0.0, 'discomfort_cold_proportion': 0.155, 'discomfort_hot_delta_average': 0.237, 'discomfort_hot_delta_maximum': 5.06, 'discomfort_hot_delta_minimum': 0.0, 'discomfort_hot_proportion': 0.018, 'discomfort_proportion': 0.172, 'electricity_consumption_total': 1.0, 'monthly_one_minus_load_factor_average': 1.0, 'one_minus_thermal_resilience_proportion': 0.37, 'power_outage_normalized_unserved_energy_total': 0.684, 'ramping_average': 1.0, 'zero_net_energy': 1.0}},name                                           Building_1  Building_2  Building_3  District
cost_function                                                                              
all_time_peak_average                                 NaN         NaN         NaN     1.000
annual_normalized_unserved_energy_total             0.019       0.018       0.018     0.018
carbon_emissions_total                              1.000       1.000       1.000     1.000
cost_total                                          1.000       1.000       1.000     1.000
daily_one_minus_load_factor_average                   NaN         NaN         NaN     1.000
daily_peak_average                                    NaN         NaN         NaN     1.000
discomfort_cold_delta_average                       1.657       0.045       0.675     0.793
discomfort_cold_delta_maximum                       4.878       1.793       3.642     3.438
discomfort_cold_delta_minimum                       0.000       0.000       0.000     0.000
discomfort_cold_proportion                          0.369       0.000       0.095     0.155
discomfort_hot_delta_average                        0.053       0.577       0.081     0.237
discomfort_hot_delta_maximum                        5.006       6.441       3.734     5.060
discomfort_hot_delta_minimum                        0.000       0.000       0.000     0.000
discomfort_hot_proportion                           0.008       0.041       0.003     0.018
discomfort_proportion                               0.377       0.041       0.098     0.172
electricity_consumption_total                       1.000       1.000       1.000     1.000
monthly_one_minus_load_factor_average                 NaN         NaN         NaN     1.000
one_minus_thermal_resilience_proportion             0.333       0.643       0.133     0.370
power_outage_normalized_unserved_energy_total       0.723       0.692       0.637     0.684
ramping_average                                       NaN         NaN         NaN     1.000
zero_net_energy                                     1.000       1.000       1.000     1.000,0,1757072794.128347
{'Building_1': {'all_time_peak_average': nan, 'annual_normalized_unserved_energy_total': 0.019, 'carbon_emissions_total': 1.0, 'cost_total': 1.0, 'daily_one_minus_load_factor_average': nan, 'daily_peak_average': nan, 'discomfort_cold_delta_average': 1.657, 'discomfort_cold_delta_maximum': 4.878, 'discomfort_cold_delta_minimum': 0.0, 'discomfort_cold_proportion': 0.369, 'discomfort_hot_delta_average': 0.053, 'discomfort_hot_delta_maximum': 5.006, 'discomfort_hot_delta_minimum': 0.0, 'discomfort_hot_proportion': 0.008, 'discomfort_proportion': 0.377, 'electricity_consumption_total': 1.0, 'monthly_one_minus_load_factor_average': nan, 'one_minus_thermal_resilience_proportion': 0.333, 'power_outage_normalized_unserved_energy_total': 0.723, 'ramping_average': nan, 'zero_net_energy': 1.0}, 'Building_2': {'all_time_peak_average': nan, 'annual_normalized_unserved_energy_total': 0.018, 'carbon_emissions_total': 1.0, 'cost_total': 1.0, 'daily_one_minus_load_factor_average': nan, 'daily_peak_average': nan, 'discomfort_cold_delta_average': 0.045, 'discomfort_cold_delta_maximum': 1.793, 'discomfort_cold_delta_minimum': 0.0, 'discomfort_cold_proportion': 0.0, 'discomfort_hot_delta_average': 0.577, 'discomfort_hot_delta_maximum': 6.441, 'discomfort_hot_delta_minimum': 0.0, 'discomfort_hot_proportion': 0.041, 'discomfort_proportion': 0.041, 'electricity_consumption_total': 1.0, 'monthly_one_minus_load_factor_average': nan, 'one_minus_thermal_resilience_proportion': 0.643, 'power_outage_normalized_unserved_energy_total': 0.692, 'ramping_average': nan, 'zero_net_energy': 1.0}, 'Building_3': {'all_time_peak_average': nan, 'annual_normalized_unserved_energy_total': 0.018, 'carbon_emissions_total': 1.0, 'cost_total': 1.0, 'daily_one_minus_load_factor_average': nan, 'daily_peak_average': nan, 'discomfort_cold_delta_average': 0.675, 'discomfort_cold_delta_maximum': 3.642, 'discomfort_cold_delta_minimum': 0.0, 'discomfort_cold_proportion': 0.095, 'discomfort_hot_delta_average': 0.081, 'discomfort_hot_delta_maximum': 3.734, 'discomfort_hot_delta_minimum': 0.0, 'discomfort_hot_proportion': 0.003, 'discomfort_proportion': 0.098, 'electricity_consumption_total': 1.0, 'monthly_one_minus_load_factor_average': nan, 'one_minus_thermal_resilience_proportion': 0.133, 'power_outage_normalized_unserved_energy_total': 0.637, 'ramping_average': nan, 'zero_net_energy': 1.0}, 'District': {'all_time_peak_average': 1.0, 'annual_normalized_unserved_energy_total': 0.018, 'carbon_emissions_total': 1.0, 'cost_total': 1.0, 'daily_one_minus_load_factor_average': 1.0, 'daily_peak_average': 1.0, 'discomfort_cold_delta_average': 0.793, 'discomfort_cold_delta_maximum': 3.438, 'discomfort_cold_delta_minimum': 0.0, 'discomfort_cold_proportion': 0.155, 'discomfort_hot_delta_average': 0.237, 'discomfort_hot_delta_maximum': 5.06, 'discomfort_hot_delta_minimum': 0.0, 'discomfort_hot_proportion': 0.018, 'discomfort_proportion': 0.172, 'electricity_consumption_total': 1.0, 'monthly_one_minus_load_factor_average': 1.0, 'one_minus_thermal_resilience_proportion': 0.37, 'power_outage_normalized_unserved_energy_total': 0.684, 'ramping_average': 1.0, 'zero_net_energy': 1.0}},name                                           Building_1  Building_2  Building_3  District
cost_function                                                                              
all_time_peak_average                                 NaN         NaN         NaN     1.000
annual_normalized_unserved_energy_total             0.019       0.018       0.018     0.018
carbon_emissions_total                              1.000       1.000       1.000     1.000
cost_total                                          1.000       1.000       1.000     1.000
daily_one_minus_load_factor_average                   NaN         NaN         NaN     1.000
daily_peak_average                                    NaN         NaN         NaN     1.000
discomfort_cold_delta_average                       1.657       0.045       0.675     0.793
discomfort_cold_delta_maximum                       4.878       1.793       3.642     3.438
discomfort_cold_delta_minimum                       0.000       0.000       0.000     0.000
discomfort_cold_proportion                          0.369       0.000       0.095     0.155
discomfort_hot_delta_average                        0.053       0.577       0.081     0.237
discomfort_hot_delta_maximum                        5.006       6.441       3.734     5.060
discomfort_hot_delta_minimum                        0.000       0.000       0.000     0.000
discomfort_hot_proportion                           0.008       0.041       0.003     0.018
discomfort_proportion                               0.377       0.041       0.098     0.172
electricity_consumption_total                       1.000       1.000       1.000     1.000
monthly_one_minus_load_factor_average                 NaN         NaN         NaN     1.000
one_minus_thermal_resilience_proportion             0.333       0.643       0.133     0.370
power_outage_normalized_unserved_energy_total       0.723       0.692       0.637     0.684
ramping_average                                       NaN         NaN         NaN     1.000
zero_net_energy                                     1.000       1.000       1.000     1.000,0,1757229801.154604
{'Building_1': {'all_time_peak_average': nan, 'annual_normalized_unserved_energy_total': 0.019, 'carbon_emissions_total': 1.0, 'cost_total': 1.0, 'daily_one_minus_load_factor_average': nan, 'daily_peak_average': nan, 'discomfort_cold_delta_average': 1.657, 'discomfort_cold_delta_maximum': 4.878, 'discomfort_cold_delta_minimum': 0.0, 'discomfort_cold_proportion': 0.369, 'discomfort_hot_delta_average': 0.053, 'discomfort_hot_delta_maximum': 5.006, 'discomfort_hot_delta_minimum': 0.0, 'discomfort_hot_proportion': 0.008, 'discomfort_proportion': 0.377, 'electricity_consumption_total': 1.0, 'monthly_one_minus_load_factor_average': nan, 'one_minus_thermal_resilience_proportion': 0.333, 'power_outage_normalized_unserved_energy_total': 0.723, 'ramping_average': nan, 'zero_net_energy': 1.0}, 'Building_2': {'all_time_peak_average': nan, 'annual_normalized_unserved_energy_total': 0.018, 'carbon_emissions_total': 1.0, 'cost_total': 1.0, 'daily_one_minus_load_factor_average': nan, 'daily_peak_average': nan, 'discomfort_cold_delta_average': 0.045, 'discomfort_cold_delta_maximum': 1.793, 'discomfort_cold_delta_minimum': 0.0, 'discomfort_cold_proportion': 0.0, 'discomfort_hot_delta_average': 0.577, 'discomfort_hot_delta_maximum': 6.441, 'discomfort_hot_delta_minimum': 0.0, 'discomfort_hot_proportion': 0.041, 'discomfort_proportion': 0.041, 'electricity_consumption_total': 1.0, 'monthly_one_minus_load_factor_average': nan, 'one_minus_thermal_resilience_proportion': 0.643, 'power_outage_normalized_unserved_energy_total': 0.692, 'ramping_average': nan, 'zero_net_energy': 1.0}, 'Building_3': {'all_time_peak_average': nan, 'annual_normalized_unserved_energy_total': 0.018, 'carbon_emissions_total': 1.0, 'cost_total': 1.0, 'daily_one_minus_load_factor_average': nan, 'daily_peak_average': nan, 'discomfort_cold_delta_average': 0.675, 'discomfort_cold_delta_maximum': 3.642, 'discomfort_cold_delta_minimum': 0.0, 'discomfort_cold_proportion': 0.095, 'discomfort_hot_delta_average': 0.081, 'discomfort_hot_delta_maximum': 3.734, 'discomfort_hot_delta_minimum': 0.0, 'discomfort_hot_proportion': 0.003, 'discomfort_proportion': 0.098, 'electricity_consumption_total': 1.0, 'monthly_one_minus_load_factor_average': nan, 'one_minus_thermal_resilience_proportion': 0.133, 'power_outage_normalized_unserved_energy_total': 0.637, 'ramping_average': nan, 'zero_net_energy': 1.0}, 'District': {'all_time_peak_average': 1.0, 'annual_normalized_unserved_energy_total': 0.018, 'carbon_emissions_total': 1.0, 'cost_total': 1.0, 'daily_one_minus_load_factor_average': 1.0, 'daily_peak_average': 1.0, 'discomfort_cold_delta_average': 0.793, 'discomfort_cold_delta_maximum': 3.438, 'discomfort_cold_delta_minimum': 0.0, 'discomfort_cold_proportion': 0.155, 'discomfort_hot_delta_average': 0.237, 'discomfort_hot_delta_maximum': 5.06, 'discomfort_hot_delta_minimum': 0.0, 'discomfort_hot_proportion': 0.018, 'discomfort_proportion': 0.172, 'electricity_consumption_total': 1.0, 'monthly_one_minus_load_factor_average': 1.0, 'one_minus_thermal_resilience_proportion': 0.37, 'power_outage_normalized_unserved_energy_total': 0.684, 'ramping_average': 1.0, 'zero_net_energy': 1.0}},name                                           Building_1  Building_2  Building_3  District
cost_function                                                                              
all_time_peak_average                                 NaN         NaN         NaN     1.000
annual_normalized_unserved_energy_total             0.019       0.018       0.018     0.018
carbon_emissions_total                              1.000       1.000       1.000     1.000
cost_total                                          1.000       1.000       1.000     1.000
daily_one_minus_load_factor_average                   NaN         NaN         NaN     1.000
daily_peak_average                                    NaN         NaN         NaN     1.000
discomfort_cold_delta_average                       1.657       0.045       0.675     0.793
discomfort_cold_delta_maximum                       4.878       1.793       3.642     3.438
discomfort_cold_delta_minimum                       0.000       0.000       0.000     0.000
discomfort_cold_proportion                          0.369       0.000       0.095     0.155
discomfort_hot_delta_average                        0.053       0.577       0.081     0.237
discomfort_hot_delta_maximum                        5.006       6.441       3.734     5.060
discomfort_hot_delta_minimum                        0.000       0.000       0.000     0.000
discomfort_hot_proportion                           0.008       0.041       0.003     0.018
discomfort_proportion                               0.377       0.041       0.098     0.172
electricity_consumption_total                       1.000       1.000       1.000     1.000
monthly_one_minus_load_factor_average                 NaN         NaN         NaN     1.000
one_minus_thermal_resilience_proportion             0.333       0.643       0.133     0.370
power_outage_normalized_unserved_energy_total       0.723       0.692       0.637     0.684
ramping_average                                       NaN         NaN         NaN     1.000
zero_net_energy                                     1.000       1.000       1.000     1.000,0,1760771572.1739707
{'Building_1': {'all_time_peak_average': nan, 'annual_normalized_unserved_energy_total': 0.019, 'carbon_emissions_total': 1.0, 'cost_total': 1.0, 'daily_one_minus_load_factor_average': nan, 'daily_peak_average': nan, 'discomfort_cold_delta_average': 1.657, 'discomfort_cold_delta_maximum': 4.878, 'discomfort_cold_delta_minimum': 0.0, 'discomfort_cold_proportion': 0.369, 'discomfort_hot_delta_average': 0.053, 'discomfort_hot_delta_maximum': 5.006, 'discomfort_hot_delta_minimum': 0.0, 'discomfort_hot_proportion': 0.008, 'discomfort_proportion': 0.377, 'electricity_consumption_total': 1.0, 'monthly_one_minus_load_factor_average': nan, 'one_minus_thermal_resilience_proportion': 0.333, 'power_outage_normalized_unserved_energy_total': 0.723, 'ramping_average': nan, 'zero_net_energy': 1.0}, 'Building_2': {'all_time_peak_average': nan, 'annual_normalized_unserved_energy_total': 0.018, 'carbon_emissions_total': 1.0, 'cost_total': 1.0, 'daily_one_minus_load_factor_average': nan, 'daily_peak_average': nan, 'discomfort_cold_delta_average': 0.045, 'discomfort_cold_delta_maximum': 1.793, 'discomfort_cold_delta_minimum': 0.0, 'discomfort_cold_proportion': 0.0, 'discomfort_hot_delta_average': 0.577, 'discomfort_hot_delta_maximum': 6.441, 'discomfort_hot_delta_minimum': 0.0, 'discomfort_hot_proportion': 0.041, 'discomfort_proportion': 0.041, 'electricity_consumption_total': 1.0, 'monthly_one_minus_load_factor_average': nan, 'one_minus_thermal_resilience_proportion': 0.643, 'power_outage_normalized_unserved_energy_total': 0.692, 'ramping_average': nan, 'zero_net_energy': 1.0}, 'Building_3': {'all_time_peak_average': nan, 'annual_normalized_unserved_energy_total': 0.018, 'carbon_emissions_total': 1.0, 'cost_total': 1.0, 'daily_one_minus_load_factor_average': nan, 'daily_peak_average': nan, 'discomfort_cold_delta_average': 0.675, 'discomfort_cold_delta_maximum': 3.642, 'discomfort_cold_delta_minimum': 0.0, 'discomfort_cold_proportion': 0.095, 'discomfort_hot_delta_average': 0.081, 'discomfort_hot_delta_maximum': 3.734, 'discomfort_hot_delta_minimum': 0.0, 'discomfort_hot_proportion': 0.003, 'discomfort_proportion': 0.098, 'electricity_consumption_total': 1.0, 'monthly_one_minus_load_factor_average': nan, 'one_minus_thermal_resilience_proportion': 0.133, 'power_outage_normalized_unserved_energy_total': 0.637, 'ramping_average': nan, 'zero_net_energy': 1.0}, 'District': {'all_time_peak_average': 1.0, 'annual_normalized_unserved_energy_total': 0.018, 'carbon_emissions_total': 1.0, 'cost_total': 1.0, 'daily_one_minus_load_factor_average': 1.0, 'daily_peak_average': 1.0, 'discomfort_cold_delta_average': 0.793, 'discomfort_cold_delta_maximum': 3.438, 'discomfort_cold_delta_minimum': 0.0, 'discomfort_cold_proportion': 0.155, 'discomfort_hot_delta_average': 0.237, 'discomfort_hot_delta_maximum': 5.06, 'discomfort_hot_delta_minimum': 0.0, 'discomfort_hot_proportion': 0.018, 'discomfort_proportion': 0.172, 'electricity_consumption_total': 1.0, 'monthly_one_minus_load_factor_average': 1.0, 'one_minus_thermal_resilience_proportion': 0.37, 'power_outage_normalized_unserved_energy_total': 0.684, 'ramping_average': 1.0, 'zero_net_energy': 1.0}},name                                           Building_1  Building_2  Building_3  District
cost_function                                                                              
all_time_peak_average                                 NaN         NaN         NaN     1.000
annual_normalized_unserved_energy_total             0.019       0.018       0.018     0.018
carbon_emissions_total                              1.000       1.000       1.000     1.000
cost_total                                          1.000       1.000       1.000     1.000
daily_one_minus_load_factor_average                   NaN         NaN         NaN     1.000
daily_peak_average                                    NaN         NaN         NaN     1.000
discomfort_cold_delta_average                       1.657       0.045       0.675     0.793
discomfort_cold_delta_maximum                       4.878       1.793       3.642     3.438
discomfort_cold_delta_minimum                       0.000       0.000       0.000     0.000
discomfort_cold_proportion                          0.369       0.000       0.095     0.155
discomfort_hot_delta_average                        0.053       0.577       0.081     0.237
discomfort_hot_delta_maximum                        5.006       6.441       3.734     5.060
discomfort_hot_delta_minimum                        0.000       0.000       0.000     0.000
discomfort_hot_proportion                           0.008       0.041       0.003     0.018
discomfort_proportion                               0.377       0.041       0.098     0.172
electricity_consumption_total                       1.000       1.000       1.000     1.000
monthly_one_minus_load_factor_average                 NaN         NaN         NaN     1.000
one_minus_thermal_resilience_proportion             0.333       0.643       0.133     0.370
power_outage_normalized_unserved_energy_total       0.723       0.692       0.637     0.684
ramping_average                                       NaN         NaN         NaN     1.000
zero_net_energy                                     1.000       1.000       1.000     1.000,0,1774693852.8167646
{'Building_1': {'all_time_peak_average': nan, 'annual_normalized_unserved_energy_total': 0.019, 'carbon_emissions_total': 1.0, 'cost_total': 1.0, 'daily_one_minus_load_factor_average': nan, 'daily_peak_average': nan, 'discomfort_cold_delta_average': 1.657, 'discomfort_cold_delta_maximum': 4.878, 'discomfort_cold_delta_minimum': 0.0, 'discomfort_cold_proportion': 0.369, 'discomfort_hot_delta_average': 0.053, 'discomfort_hot_delta_maximum': 5.006, 'discomfort_hot_delta_minimum': 0.0, 'discomfort_hot_proportion': 0.008, 'discomfort_proportion': 0.377, 'electricity_consumption_total': 1.0, 'monthly_one_minus_load_factor_average': nan, 'one_minus_thermal_resilience_proportion': 0.333, 'power_outage_normalized_unserved_energy_total': 0.723, 'ramping_average': nan, 'zero_net_energy': 1.0}, 'Building_2': {'all_time_peak_average': nan, 'annual_normalized_unserved_energy_total': 0.018, 'carbon_emissions_total': 1.0, 'cost_total': 1.0, 'daily_one_minus_load_factor_average': nan, 'daily_peak_average': nan, 'discomfort_cold_delta_average': 0.045, 'discomfort_cold_delta_maximum': 1.793, 'discomfort_cold_delta_minimum': 0.0, 'discomfort_cold_proportion': 0.0, 'discomfort_hot_delta_average': 0.577, 'discomfort_hot_delta_maximum': 6.441, 'discomfort_hot_delta_minimum': 0.0, 'discomfort_hot_proportion': 0.041, 'discomfort_proportion': 0.041, 'electricity_consumption_total': 1.0, 'monthly_one_minus_load_factor_average': nan, 'one_minus_thermal_resilience_proportion': 0.643, 'power_outage_normalized_unserved_energy_total': 0.692, 'ramping_average': nan, 'zero_net_energy': 1.0}, 'Building_3': {'all_time_peak_average': nan, 'annual_normalized_unserved_energy_total': 0.018, 'carbon_emissions_total': 1.0, 'cost_total': 1.0, 'daily_one_minus_load_factor_average': nan, 'daily_peak_average': nan, 'discomfort_cold_delta_average': 0.675, 'discomfort_cold_delta_maximum': 3.642, 'discomfort_cold_delta_minimum': 0.0, 'discomfort_cold_proportion': 0.095, 'discomfort_hot_delta_average': 0.081, 'discomfort_hot_delta_maximum': 3.734, 'discomfort_hot_delta_minimum': 0.0, 'discomfort_hot_proportion': 0.003, 'discomfort_proportion': 0.098, 'electricity_consumption_total': 1.0, 'monthly_one_minus_load_factor_average': nan, 'one_minus_thermal_resilience_proportion': 0.133, 'power_outage_normalized_unserved_energy_total': 0.637, 'ramping_average': nan, 'zero_net_energy': 1.0}, 'District': {'all_time_peak_average': 1.0, 'annual_normalized_unserved_energy_total': 0.018, 'carbon_emissions_total': 1.0, 'cost_total': 1.0, 'daily_one_minus_load_factor_average': 1.0, 'daily_peak_average': 1.0, 'discomfort_cold_delta_average': 0.793, 'discomfort_cold_delta_maximum': 3.438, 'discomfort_cold_delta_minimum': 0.0, 'discomfort_cold_proportion': 0.155, 'discomfort_hot_delta_average': 0.237, 'discomfort_hot_delta_maximum': 5.06, 'discomfort_hot_delta_minimum': 0.0, 'discomfort_hot_proportion': 0.018, 'discomfort_proportion': 0.172, 'electricity_consumption_total': 1.0, 'monthly_one_minus_load_factor_average': 1.0, 'one_minus_thermal_resilience_proportion': 0.37, 'power_outage_normalized_unserved_energy_total': 0.684, 'ramping_average': 1.0, 'zero_net_energy': 1.0}},name                                           Building_1  Building_2  Building_3  District
cost_function                                                                              
all_time_peak_average                                 NaN         NaN         NaN     1.000
annual_normalized_unserved_energy_total             0.019       0.018       0.018     0.018
carbon_emissions_total                              1.000       1.000       1.000     1.000
cost_total                                          1.000       1.000       1.000     1.000
daily_one_minus_load_factor_average                   NaN         NaN         NaN     1.000
daily_peak_average                                    NaN         NaN         NaN     1.000
discomfort_cold_delta_average                       1.657       0.045       0.675     0.793
discomfort_cold_delta_maximum                       4.878       1.793       3.642     3.438
discomfort_cold_delta_minimum                       0.000       0.000       0.000     0.000
discomfort_cold_proportion                          0.369       0.000       0.095     0.155
discomfort_hot_delta_average                        0.053       0.577       0.081     0.237
discomfort_hot_delta_maximum                        5.006       6.441       3.734     5.060
discomfort_hot_delta_minimum                        0.000       0.000       0.000     0.000
discomfort_hot_proportion                           0.008       0.041       0.003     0.018
discomfort_proportion                               0.377       0.041       0.098     0.172
electricity_consumption_total                       1.000       1.000       1.000     1.000
monthly_one_minus_load_factor_average                 NaN         NaN         NaN     1.000
one_minus_thermal_resilience_proportion             0.333       0.643       0.133     0.370
power_outage_normalized_unserved_energy_total       0.723       0.692       0.637     0.684
ramping_average                                       NaN         NaN         NaN     1.000
zero_net_energy                                     1.000       1.000       1.000     1.000,0,1774695695.840839
